[{"id":"68dc086b.538e58","type":"function","z":"c8d48b30.156508","name":"Pre Prediction","func":"var rn = global.get('rn')\nvar cid = global.get('cid')\nvar sn = global.get('sn')\nvar cs = global.get('cs')\nvar geo = global.get('geo')\nvar gd = global.get('gd')\nvar ag = global.get(\"ag\")\nvar tn = global.get(\"tn\")\nvar bl = global.get('bl')\nvar nop = global.get(\"nop\")\nvar hcc = global.get(\"hcc\")\nvar iam = global.get(\"iam\")\nvar es = global.get('es')\nvar token=msg.payload.access_token\nvar instance_id=\"1c6c79d4-e726-4d2e-9051-f80fc87a428c\"\nmsg.headers={'Content-Type': 'application/json',\"Authorization\":\"Bearer \"+token,\"ML-Instance-ID\":instance_id}\nmsg.payload={\"input_data\": [{\"fields\": [\"RowNumber\",\"CustomerId\", \"Surname\", \"CreditScore\", \"Geography\", \"Gender\", \"Age\", \"Tenure\", \"Balance\", \"NumOfProducts\", \"HasCrCard\", \"IsActiveMember\", \"EstimatedSalary\"], \"values\": [[rn,cid,sn,cs,geo,gd,ag,tn,bl,nop,hcc,iam,es]]}]}\n\nreturn msg;","outputs":1,"noerr":0,"x":1000,"y":440,"wires":[["be031bd8.930ac8"]]}]